[{
  "_id": {
    "$oid": "642cae5aa783fcc16f450f85"
  },
  "id_category": 1,
  "categoryname": "Action"
},{
  "_id": {
    "$oid": "642cae80a783fcc16f450f86"
  },
  "id_category": 2,
  "categoryname": "Animation"
},{
  "_id": {
    "$oid": "642cae8ca783fcc16f450f87"
  },
  "id_category": 3,
  "categoryname": "Children"
},{
  "_id": {
    "$oid": "642cae9ea783fcc16f450f88"
  },
  "id_category": 4,
  "categoryname": "Classics"
},{
  "_id": {
    "$oid": "642caea9a783fcc16f450f89"
  },
  "id_category": 5,
  "categoryname": "Comedy"
},{
  "_id": {
    "$oid": "642caeb4a783fcc16f450f8a"
  },
  "id_category": 6,
  "categoryname": "Documentary"
},{
  "_id": {
    "$oid": "642caec3a783fcc16f450f8b"
  },
  "id_category": 7,
  "categoryname": "Drama"
},{
  "_id": {
    "$oid": "642caecda783fcc16f450f8c"
  },
  "id_category": 8,
  "categoryname": "Family"
},{
  "_id": {
    "$oid": "642caed9a783fcc16f450f8d"
  },
  "id_category": 9,
  "categoryname": "Foreign"
},{
  "_id": {
    "$oid": "642caee7a783fcc16f450f8e"
  },
  "id_category": 10,
  "categoryname": "Games"
},{
  "_id": {
    "$oid": "642caef2a783fcc16f450f8f"
  },
  "id_category": 11,
  "categoryname": "Horror"
},{
  "_id": {
    "$oid": "642caf07a783fcc16f450f90"
  },
  "id_category": 12,
  "categoryname": "Music"
},{
  "_id": {
    "$oid": "642caf15a783fcc16f450f91"
  },
  "id_category": 13,
  "categoryname": "New"
},{
  "_id": {
    "$oid": "642caf22a783fcc16f450f92"
  },
  "id_category": 14,
  "categoryname": "Sci-Fi"
},{
  "_id": {
    "$oid": "642caf34a783fcc16f450f93"
  },
  "id_category": 15,
  "categoryname": "Sports"
},{
  "_id": {
    "$oid": "642caf43a783fcc16f450f94"
  },
  "id_category": 16,
  "categoryname": "Travel"
}]